group,masked_entropy,unmasked_entropy,delta_entropy
-1,0.016934259971491995,2.053050064116975,-2.036115804145483
0,0.6165131553918006,1.239636830298455,-0.6231236749066544
1,0.3496667451548944,0.9269168980101892,-0.5772501528552948
2,0.16540872495350495,1.4976953857776432,-1.3322866608241382
3,1.7330988047483464e-08,0.4203068637539198,-0.42030684642293176
