group,prob_CBTA,prob_CBT3,prob_CBTPA,prob_CBT,prob_CBTP,prob_CBTP3,entropy,predicted_class
-1,0.9984778758814231,1.8198927060398651e-06,0.0014352560653308954,8.504449794572086e-05,2.6749399353859047e-09,9.87654476142866e-10,0.016934259971491995,CBTA
0,0.8881692534721111,5.8608516640194336e-06,0.08385305526976004,0.022353197259527103,0.005617131517753221,1.5016291845243491e-06,0.6165131553918006,CBTA
1,0.9474529273523764,3.098550000018553e-11,0.026315790930437243,0.026231281576321503,1.0985021052221793e-10,2.9236892401599565e-14,0.3496667451548944,CBTA
2,0.9756355156542206,0.02435582924857901,3.0061581683362147e-07,7.105899994248466e-06,1.2243977063260425e-06,2.418368290725493e-08,0.16540872495350495,CBTA
3,0.9999999999344114,3.7143151896298045e-27,6.558860205284079e-11,2.095260010752985e-18,3.754724050386644e-38,9.395404303181236e-38,1.7330988047483464e-08,CBTA
