group,masked_entropy,unmasked_entropy,delta_entropy
0,0.8441115412267759,1.325702705493144,-0.48159116426636817
1,0.7060760537604083,1.0674496975809253,-0.36137364382051707
