group,prob_CBTA,prob_CBT3,prob_CBTPA,prob_CBT,prob_CBTP,prob_CBTP3,entropy,predicted_class
0,0.8234977600642955,2.6391294549549142e-06,0.0588551809038638,1.1458685524633577e-06,0.11645567356483034,0.0011876004690030844,0.8441115412267759,CBTA
1,0.8669134262630507,0.0001531554641685829,0.06626066142778832,1.9950742289799186e-07,0.0006961369701207956,0.06597642036744876,0.7060760537604083,CBTA
