group,masked_entropy,unmasked_entropy,delta_entropy
-1,1.7330988046441368e-08,5.3998077779172955e-05,-5.398074679112651e-05
0,1.6681474654381085,0.6334060912051419,1.0347413742329667
1,1.7330988046441368e-08,1.014016811399165,-1.014016794068177
2,1.5509379864813855,0.9887492878748005,0.5621886986065849
3,0.002166380532741679,1.3285496631955618,-1.3263832826628201
