threshold,tile_uncertain,section_uncertain
0.0,0.7387755102040816,1.0
0.1,0.07346938775510205,0.4
0.2,0.0,0.4
0.30000000000000004,0.0,0.4
0.4,0.0,0.4
0.5,0.0,0.4
0.6000000000000001,0.0,0.4
0.7000000000000001,0.0,0.4
0.8,0.0,0.4
0.9,0.0,0.4
1.0,0.0,0.4
1.1,0.0,0.4
1.2000000000000002,0.0,0.4
1.3,0.0,0.4
1.4000000000000001,0.0,0.4
1.5,0.0,0.4
1.6,0.0,0.2
1.7000000000000002,0.0,0.0
1.8,0.0,0.0
1.9000000000000001,0.0,0.0
2.0,0.0,0.0
