group,prob_CBTA,prob_CBT3,prob_CBTPA,prob_CBT,prob_CBTP,prob_CBTP3,entropy,predicted_class
-1,1.0,0.0,3.2143534e-21,2.7034168e-26,0.0,0.0,1.7330988046441368e-08,CBTA
0,0.5540020817170205,3.529881835904135e-05,0.018906656815404706,0.03633826953313739,0.16489648713576197,0.22582120598031652,1.6681474654381085,Uncertain
1,1.0,0.0,0.0,0.0,0.0,0.0,1.7330988046441368e-08,CBTA
2,0.3875108000140992,3.565207009240598e-05,0.000433503284206145,0.024341868948764004,0.4649722948832908,0.12270588079954736,1.5509379864813855,Uncertain
3,0.9998470003399907,6.543221668891642e-10,0.00015229226671845255,7.067374002403209e-07,1.3338403337868962e-12,2.345001167464067e-13,0.002166380532741679,CBTA
