group,prob_CBTA,prob_CBT3,prob_CBTPA,prob_CBT,prob_CBTP,prob_CBTP3,entropy,predicted_class
-1,1.0,0.0,0.0,0.0,0.0,0.0,1.7330988046441368e-08,CBTA
0,0.8461414746554672,2.8253315417649836e-05,4.926809157209361e-08,0.07699474594437136,0.07676420003969225,7.127677695988044e-05,0.7744560987314272,CBTA
1,0.6683598562670906,0.0013930747049733527,2.3441048427850547e-07,0.2468624080563253,0.08338355859092861,8.679701978251568e-07,1.1988363786938396,Uncertain
2,0.7860927579493322,9.159339488221544e-09,2.9719072154352747e-16,0.21390723220161173,6.897161924039703e-10,2.0993811735663244e-21,0.7488854734240744,CBTA
