threshold,tile_uncertain,section_uncertain
0.0,0.4,1.0
0.1,0.025,0.75
0.2,0.0,0.75
0.30000000000000004,0.0,0.75
0.4,0.0,0.75
0.5,0.0,0.75
0.6000000000000001,0.0,0.75
0.7000000000000001,0.0,0.75
0.8,0.0,0.25
0.9,0.0,0.25
1.0,0.0,0.25
1.1,0.0,0.25
1.2000000000000002,0.0,0.0
1.3,0.0,0.0
1.4000000000000001,0.0,0.0
1.5,0.0,0.0
1.6,0.0,0.0
1.7000000000000002,0.0,0.0
1.8,0.0,0.0
1.9000000000000001,0.0,0.0
2.0,0.0,0.0
