group,masked_entropy,unmasked_entropy,delta_entropy
-1,1.7330988046441368e-08,0.019801069851303647,-0.0198010525203156
0,0.7744560987314272,1.5998684618103607,-0.8254123630789335
1,1.1988363786938396,0.8812442955016172,0.31759208319222243
2,0.7488854734240744,0.6152018186474323,0.13368365477664212
