threshold,tile_uncertain,section_uncertain
0.0,0.7838179519595448,1.0
0.1,0.03413400758533502,1.0
0.2,0.0,1.0
0.30000000000000004,0.0,1.0
0.4,0.0,1.0
0.5,0.0,0.8333333333333334
0.6000000000000001,0.0,0.6666666666666666
0.7000000000000001,0.0,0.5
0.8,0.0,0.3333333333333333
0.9,0.0,0.0
1.0,0.0,0.0
1.1,0.0,0.0
1.2000000000000002,0.0,0.0
1.3,0.0,0.0
1.4000000000000001,0.0,0.0
1.5,0.0,0.0
1.6,0.0,0.0
1.7000000000000002,0.0,0.0
1.8,0.0,0.0
1.9000000000000001,0.0,0.0
2.0,0.0,0.0
