group,prob_CBTA,prob_CBT3,prob_CBTPA,prob_CBT,prob_CBTP,prob_CBTP3,entropy,predicted_class
0,0.9078365393545232,0.010063891343894748,0.0463755666988419,0.0001917105060346642,0.015436723967159515,0.02009556812954581,0.6074122771540329,CBTA
1,0.9265712268073302,5.13154380227212e-05,0.01098859282354326,0.000663305416875766,0.01029090111030169,0.05143465840392638,0.4693369395289674,CBTA
2,0.8314135452602028,1.284710331829489e-05,0.14737301081111492,2.5393483233603007e-05,0.00026736877942529794,0.02090783456270511,0.7489998098710999,CBTA
3,0.8545597234066007,0.0004744296257917344,0.0831766484963705,0.00039338006824209994,0.040895583833430574,0.020500234569564443,0.8054444533838209,CBTA
4,0.8307073738252757,8.782653554250554e-06,0.12103086918709353,0.00966254931139246,0.0049990759525268096,0.033591349070157164,0.8585056564699078,CBTA
5,0.8980534379041424,0.010029302127309432,0.07148352458856959,0.020425402205786425,2.218179684311367e-06,6.114994507820502e-06,0.5927922951268235,CBTA
