group,masked_entropy,unmasked_entropy,delta_entropy
0,0.6074122771540329,1.658396258212072,-1.050983981058039
1,0.4693369395289674,2.1486665016881163,-1.679329562159149
2,0.7489998098710999,1.6502768919754813,-0.9012770821043814
3,0.8054444533838209,2.0236568305371563,-1.2182123771533355
4,0.8585056564699078,1.6962345388602935,-0.8377288823903857
5,0.5927922951268235,1.7373590771331688,-1.1445667820063452
