group,prob_CBTA,prob_CBT3,prob_CBTPA,prob_CBT,prob_CBTP,prob_CBTP3,entropy,predicted_class
0,0.9075539522323609,0.00010770216648395379,0.09198715160998104,0.00032580137534035387,5.667553524137292e-07,2.4825860481171366e-05,0.44925123281500784,CBTA
1,0.999999999958435,1.7890644443700822e-26,4.1564794442983095e-11,2.8520036665481237e-16,2.498922444340577e-35,1.4925944443824048e-37,1.733098804710177e-08,CBTA
