group,masked_entropy,unmasked_entropy,delta_entropy
0,0.44925123281500784,0.885674253894542,-0.4364230210795342
1,1.733098804710177e-08,1.773123950219653,-1.773123932888665
